{
	"credit": "Made with Blockbench",
	"textures": {
		"0": "prisonevo/weapons/katana",
		"particle": "prisonevo/weapons/katana"
	},
	"elements": [
		{
			"from": [7, 0, 7],
			"to": [9, 6, 9],
			"rotation": {"angle": 0, "axis": "y", "origin": [8, 7, 8]},
			"faces": {
				"north": {"uv": [6.5, 11, 5.5, 14], "texture": "#0"},
				"east": {"uv": [6.5, 11, 7.5, 14], "texture": "#0"},
				"south": {"uv": [5.5, 11, 6.5, 14], "texture": "#0"},
				"west": {"uv": [7.5, 11, 8.5, 14], "texture": "#0"},
				"up": {"uv": [0, 0, 2, 2], "rotation": 270, "texture": "#0"},
				"down": {"uv": [5.5, 14, 6.5, 15], "rotation": 90, "texture": "#0"}
			}
		},
		{
			"from": [6.75, 0.5, 6.75],
			"to": [9.25, 1.5, 9.25],
			"rotation": {"angle": 0, "axis": "y", "origin": [8, 7, 8]},
			"faces": {
				"north": {"uv": [7.5, 14.5, 8.5, 15], "texture": "#0"},
				"east": {"uv": [6.5, 14.5, 7.5, 15], "texture": "#0"},
				"south": {"uv": [7.5, 14, 8.5, 14.5], "texture": "#0"},
				"west": {"uv": [6.5, 14, 7.5, 14.5], "texture": "#0"},
				"up": {"uv": [5.5, 14, 6.5, 15], "rotation": 270, "texture": "#0"},
				"down": {"uv": [5.5, 14, 6.5, 15], "rotation": 90, "texture": "#0"}
			}
		},
		{
			"from": [6, 6, 7],
			"to": [10, 7, 9],
			"rotation": {"angle": 0, "axis": "y", "origin": [8, 7, 8]},
			"faces": {
				"north": {"uv": [5.5, 15.5, 7.5, 16], "texture": "#0"},
				"east": {"uv": [7.5, 15, 8.5, 15.5], "texture": "#0"},
				"south": {"uv": [5.5, 15, 7.5, 15.5], "texture": "#0"},
				"west": {"uv": [7.5, 15.5, 8.5, 16], "texture": "#0"},
				"up": {"uv": [8.5, 15, 10.5, 16], "texture": "#0"},
				"down": {"uv": [5.5, 15.5, 7.5, 16], "rotation": 180, "texture": "#0"}
			}
		},
		{
			"from": [7, 7, 7.5],
			"to": [9, 25, 8.5],
			"rotation": {"angle": 0, "axis": "y", "origin": [8, 7, 8]},
			"faces": {
				"north": {"uv": [3, 2, 2, 11], "texture": "#0"},
				"east": {"uv": [2.5, 2, 3, 11], "texture": "#0"},
				"south": {"uv": [2, 2, 3, 11], "texture": "#0"},
				"west": {"uv": [2, 2, 2.5, 11], "texture": "#0"},
				"up": {"uv": [2, 2, 3, 2.5], "texture": "#0"},
				"down": {"uv": [2, 10.5, 3, 11], "rotation": 270, "texture": "#0"}
			}
		},
		{
			"from": [6.5, 7, 8],
			"to": [10.5, 29, 8],
			"rotation": {"angle": 0, "axis": "y", "origin": [8, 7, 8]},
			"faces": {
				"north": {"uv": [2, 0, 0, 11], "texture": "#0"},
				"east": {"uv": [0, 0, 0, 16], "texture": "#0"},
				"south": {"uv": [0, 0, 2, 11], "texture": "#0"},
				"west": {"uv": [0, 0, 0, 16], "texture": "#0"},
				"up": {"uv": [0, 0, 0, 4], "rotation": 270, "texture": "#0"},
				"down": {"uv": [0, 0, 0, 4], "rotation": 90, "texture": "#0"}
			}
		}
	],
	"gui_light": "front",
	"display": {
		"thirdperson_righthand": {
			"rotation": [-11, -90, 1.5],
			"translation": [-0.25, 2.25, 1]
		},
		"thirdperson_lefthand": {
			"rotation": [-11, 90, 1.5],
			"translation": [-0.25, 2.25, 1]
		},
		"firstperson_righthand": {
			"rotation": [3.5, -90, -17.5],
			"translation": [0, 1.6, 0.8],
			"scale": [0.68, 0.68, 0.68]
		},
		"firstperson_lefthand": {
			"rotation": [3.5, 90, 17.5],
			"translation": [0, 1.6, 0.8],
			"scale": [0.68, 0.68, 0.68]
		},
		"ground": {
			"translation": [0, 3, 0],
			"scale": [0.5, 0.5, 0.5]
		},
		"gui": {
			"rotation": [0, 0, -45],
			"translation": [-3, -3, 0],
			"scale": [0.65, 0.65, 0.65]
		},
		"fixed": {
			"translation": [0, -5, -0.5]
		}
	},
	"credits": "diamondworld.pro | vk.com/definitely_a_whale"
}