{
	"credit": "Made with Blockbench",
	"texture_size": [32, 32],
	"textures": {
		"0": "prisonevo/weapons/tools/pickaxe2",
		"particle": "prisonevo/weapons/tools/pickaxe2"
	},
	"elements": [
		{
			"from": [7, 0, 7.5],
			"to": [9, 2, 9.5],
			"rotation": {"angle": 45, "axis": "x", "origin": [8, 1.5, 8]},
			"faces": {
				"north": {"uv": [1, 0, 2, 1], "texture": "#0"},
				"east": {"uv": [1, 0, 2, 1], "texture": "#0"},
				"south": {"uv": [1, 0, 2, 1], "texture": "#0"},
				"west": {"uv": [1, 0, 2, 1], "texture": "#0"},
				"up": {"uv": [2, 1, 1, 0], "texture": "#0"},
				"down": {"uv": [2, 0, 1, 1], "texture": "#0"}
			}
		},
		{
			"from": [7.25, 13, 7.25],
			"to": [8.75, 14.5, 8.75],
			"rotation": {"angle": 0, "axis": "x", "origin": [8, 1.5, 8]},
			"faces": {
				"north": {"uv": [2, 0, 1, 1], "rotation": 180, "texture": "#0"},
				"east": {"uv": [1, 0, 2, 1], "rotation": 270, "texture": "#0"},
				"south": {"uv": [2, 1, 1, 0], "texture": "#0"},
				"west": {"uv": [1, 0, 2, 1], "rotation": 90, "texture": "#0"},
				"up": {"uv": [1, 0, 2, 1], "rotation": 180, "texture": "#0"},
				"down": {"uv": [1, 0, 2, 1], "texture": "#0"}
			}
		},
		{
			"from": [7.7, 11.77274, 0.64325],
			"to": [8.3, 13.27274, 3.64325],
			"rotation": {"angle": -45, "axis": "x", "origin": [8, 12.52274, 2.14325]},
			"faces": {
				"north": {"uv": [5.75, 8.25, 6, 9], "texture": "#0"},
				"east": {"uv": [4, 8.5, 5.5, 9.25], "texture": "#0"},
				"south": {"uv": [5.75, 8.75, 6, 9.5], "texture": "#0"},
				"west": {"uv": [4.25, 7.75, 5.75, 8.5], "texture": "#0"},
				"up": {"uv": [6.5, 9, 6.25, 7.5], "texture": "#0"},
				"down": {"uv": [3.75, 7.5, 3.5, 9], "texture": "#0"}
			}
		},
		{
			"from": [7.6, 11.99289, 1.75],
			"to": [8.4, 13.99289, 4.75],
			"rotation": {"angle": -22.5, "axis": "x", "origin": [8, 12.74289, 2.625]},
			"faces": {
				"north": {"uv": [6, 8.5, 6.5, 9.5], "texture": "#0"},
				"east": {"uv": [4.5, 7.5, 6, 8.5], "texture": "#0"},
				"south": {"uv": [5.5, 8.75, 6, 9.75], "texture": "#0"},
				"west": {"uv": [2.75, 7.5, 4.25, 8.5], "texture": "#0"},
				"up": {"uv": [5.25, 9.75, 4.75, 8.25], "texture": "#0"},
				"down": {"uv": [3.75, 7.75, 3.25, 9.25], "texture": "#0"}
			}
		},
		{
			"from": [7.5, 12.74289, 3.75],
			"to": [8.5, 14.74289, 6.75],
			"rotation": {"angle": 0, "axis": "y", "origin": [8, 14.24289, 4.75]},
			"faces": {
				"north": {"uv": [6, 8, 6.5, 9], "texture": "#0"},
				"east": {"uv": [4.5, 8.5, 6, 9.5], "texture": "#0"},
				"south": {"uv": [5.25, 7, 5.75, 8], "texture": "#0"},
				"west": {"uv": [2.25, 8.25, 3.75, 9.25], "texture": "#0"},
				"up": {"uv": [4.75, 9.5, 4.25, 8], "texture": "#0"},
				"down": {"uv": [3.5, 7.25, 3, 8.75], "texture": "#0"}
			}
		},
		{
			"from": [7.5, 12.74289, 9.25],
			"to": [8.5, 14.74289, 12.25],
			"rotation": {"angle": 0, "axis": "y", "origin": [8, 14.24289, 10.25]},
			"faces": {
				"north": {"uv": [5, 8.5, 5.5, 9.5], "texture": "#0"},
				"east": {"uv": [2.75, 7.25, 4.25, 8.25], "texture": "#0"},
				"south": {"uv": [5.75, 8, 6.25, 9], "texture": "#0"},
				"west": {"uv": [4.25, 7.5, 5.75, 8.5], "texture": "#0"},
				"up": {"uv": [4.75, 9.5, 4.25, 8], "texture": "#0"},
				"down": {"uv": [6, 7.25, 5.5, 8.75], "texture": "#0"}
			}
		},
		{
			"from": [7.6, 11.99289, 11.25],
			"to": [8.4, 13.99289, 14.25],
			"rotation": {"angle": 22.5, "axis": "x", "origin": [8, 12.86789, 13.375]},
			"faces": {
				"north": {"uv": [5, 7.25, 5.5, 8.25], "texture": "#0"},
				"east": {"uv": [4, 7.75, 2.5, 8.75], "texture": "#0"},
				"south": {"uv": [5.75, 8.25, 6.25, 9.25], "texture": "#0"},
				"west": {"uv": [4.25, 8.25, 5.75, 9.25], "texture": "#0"},
				"up": {"uv": [4.5, 8.75, 4, 7.25], "texture": "#0"},
				"down": {"uv": [5, 7.25, 4.5, 8.75], "texture": "#0"}
			}
		},
		{
			"from": [7.7, 11.76323, 12.40459],
			"to": [8.3, 13.26323, 15.40459],
			"rotation": {"angle": 45, "axis": "x", "origin": [8, 12.51323, 13.90459]},
			"faces": {
				"north": {"uv": [5, 7.25, 5.25, 8], "texture": "#0"},
				"east": {"uv": [2.25, 8.75, 3.75, 9.5], "texture": "#0"},
				"south": {"uv": [5.25, 7.25, 5.5, 8], "texture": "#0"},
				"west": {"uv": [4.5, 8.5, 6, 9.25], "texture": "#0"},
				"up": {"uv": [3.75, 8.75, 3.5, 7.25], "texture": "#0"},
				"down": {"uv": [4, 7.25, 3.75, 8.75], "texture": "#0"}
			}
		},
		{
			"from": [7.35, 1, 7.35],
			"to": [8.65, 7, 8.65],
			"rotation": {"angle": -45, "axis": "y", "origin": [8, 4.5, 8]},
			"faces": {
				"north": {"uv": [0, 7.75, 0.75, 10.75], "texture": "#0"},
				"east": {"uv": [0.75, 7.75, 1.5, 10.75], "texture": "#0"},
				"south": {"uv": [1, 7.75, 1.75, 10.75], "texture": "#0"},
				"west": {"uv": [0.5, 7.75, 1.25, 10.75], "texture": "#0"},
				"up": {"uv": [0.75, 8, 0, 7.25], "texture": "#0"},
				"down": {"uv": [1.5, 7, 0.75, 7.75], "texture": "#0"}
			}
		},
		{
			"from": [7.625, 12.42175, 6.48536],
			"to": [8.375, 15.42175, 9.48536],
			"rotation": {"angle": -45, "axis": "x", "origin": [8, 13.92175, 7.98536]},
			"faces": {
				"north": {"uv": [5, 8.25, 5.5, 9.75], "texture": "#0"},
				"east": {"uv": [3.5, 7.25, 5, 8.75], "texture": "#0"},
				"south": {"uv": [2.25, 7.75, 2.75, 9.25], "texture": "#0"},
				"west": {"uv": [4.75, 7.75, 6.25, 9.25], "texture": "#0"},
				"up": {"uv": [3.25, 8.75, 2.75, 7.25], "texture": "#0"},
				"down": {"uv": [6.5, 8, 6, 9.5], "texture": "#0"}
			}
		},
		{
			"from": [7.375, 7, 7.25],
			"to": [8.625, 12, 8.75],
			"rotation": {"angle": 0, "axis": "y", "origin": [7.675, 8, 7.7]},
			"faces": {
				"north": {"uv": [0, 7, 0.75, 10.25], "texture": "#0"},
				"east": {"uv": [0.75, 7, 1.5, 10.25], "texture": "#0"},
				"south": {"uv": [0, 6.75, 0.75, 10], "texture": "#0"},
				"west": {"uv": [0.75, 6.75, 1.5, 10], "texture": "#0"},
				"up": {"uv": [1, 8.25, 0.25, 7.5], "texture": "#0"},
				"down": {"uv": [1.25, 9.25, 0.5, 10], "texture": "#0"}
			}
		},
		{
			"from": [7.375, 12, 6.25],
			"to": [8.625, 14.25, 9.75],
			"rotation": {"angle": 0, "axis": "y", "origin": [7.675, 8, 7.7]},
			"faces": {
				"north": {"uv": [4.25, 8.5, 5, 9.25], "texture": "#0"},
				"east": {"uv": [3.5, 7.5, 4.25, 8.75], "texture": "#0"},
				"south": {"uv": [2.75, 7.5, 3.5, 8.75], "texture": "#0"},
				"west": {"uv": [4.25, 7.5, 5, 8.5], "texture": "#0"},
				"up": {"uv": [6, 7.75, 5.25, 7], "texture": "#0"},
				"down": {"uv": [6, 8.5, 5.25, 9.25], "texture": "#0"}
			}
		}
	],
	"gui_light": "front",
	"display": {
		"thirdperson_righthand": {
			"translation": [0, 1.75, 1],
			"scale": [1.24375, 1.24375, 1.24375]
		},
		"thirdperson_lefthand": {
			"translation": [0, 1.75, 1],
			"scale": [1.24375, 1.24375, 1.24375]
		},
		"firstperson_righthand": {
			"translation": [0.75, 2, 0],
			"scale": [0.6, 0.6, 0.6]
		},
		"firstperson_lefthand": {
			"translation": [0.75, 2, 0],
			"scale": [0.6, 0.6, 0.6]
		},
		"ground": {
			"rotation": [45, 0, 0],
			"translation": [0, 11, 0],
			"scale": [0.4, 0.4, 0.4]
		},
		"gui": {
			"rotation": [90, 45, -90],
			"translation": [-1, -1, 0],
			"scale": [0.95, 0.95, 0.95]
		},
		"head": {
			"rotation": [90, -46, -90],
			"translation": [-2.25, -12.5, 4.5],
			"scale": [1.3, 1.3, 1.3]
		},
		"fixed": {
			"rotation": [-90, 45, 90],
			"translation": [2, -2, -2.75],
			"scale": [2.16797, 2.16797, 2.16797]
		}
	}
}