{"providers":[{"type":"bitmap","file":"diamondworld/common/logo.png","ascent":34,"height":64,"chars":[""]},{"file":"diamondworld/common/text_logo.png","chars":[""],"height":90,"ascent":13,"type":"bitmap"},{"file":"diamondworld/emojis/chat/cosmeticcoins.png","chars":[""],"height":9,"ascent":8,"type":"bitmap"},{"file":"diamondworld/emojis/chat/donatecoins.png","chars":[""],"height":9,"ascent":8,"type":"bitmap"},{"file":"diamondworld/cosmetics/gui/cosmeticmain.png","chars":[""],"height":159,"ascent":99,"type":"bitmap"},{"file":"diamondworld/cosmetics/gui/cosmetichead.png","chars":[""],"height":159,"ascent":47,"type":"bitmap"},{"file":"diamondworld/cosmetics/gui/cosmeticaccs.png","chars":[""],"height":159,"ascent":47,"type":"bitmap"},{"file":"diamondworld/cosmetics/gui/cosmeticgestures.png","chars":[""],"height":159,"ascent":47,"type":"bitmap"},{"file":"diamondworld/cosmetics/gui/cosmeticsmile.png","chars":[""],"height":159,"ascent":47,"type":"bitmap"},{"file":"diamondworld/ui/main_menu.png","chars":[""],"height":256,"ascent":19,"type":"bitmap"},{"file":"diamondworld/ui/prison_evo_choose.png","chars":[""],"height":256,"ascent":19,"type":"bitmap"},{"file":"diamondworld/ui/server_evo_1.png","chars":[""],"height":36,"ascent":-4,"type":"bitmap"},{"file":"diamondworld/ui/server_evo_2.png","chars":[""],"height":36,"ascent":-4,"type":"bitmap"},{"file":"diamondworld/ui/server_evo_3.png","chars":[""],"height":36,"ascent":-4,"type":"bitmap"},{"file":"diamondworld/cosmetics/gui/cosmeticgestures1.png","chars":[""],"height":256,"ascent":19,"type":"bitmap"},{"file":"diamondworld/cosmetics/gui/cosmeticgestures2.png","chars":[""],"height":256,"ascent":19,"type":"bitmap"},{"file":"diamondworld/cosmetics/gui/cosmeticgestures3.png","chars":[""],"height":256,"ascent":19,"type":"bitmap"},{"file":"diamondworld/ui/permission.png","chars":[""],"height":256,"ascent":19,"type":"bitmap"},{"file":"diamondworld/ui/permission_chest.png","chars":[""],"height":256,"ascent":19,"type":"bitmap"},{"file":"diamondworld/ui/diamond_status.png","chars":[""],"height":256,"ascent":19,"type":"bitmap"},{"file":"diamondworld/ui/bedwars/bed_break_sound_bedwars.png","chars":[""],"height":256,"ascent":19,"type":"bitmap"},{"file":"diamondworld/ui/bedwars/shop_bedwars.png","chars":[""],"height":256,"ascent":19,"type":"bitmap"},{"file":"diamondworld/ui/bedwars/block_material_bedwars.png","chars":[""],"height":256,"ascent":19,"type":"bitmap"},{"file":"diamondworld/ui/bedwars/shop_main_menu.png","chars":[""],"height":256,"ascent":19,"type":"bitmap"},{"file":"diamondworld/ui/bedwars/win_effect_bedwars.png","chars":[""],"height":256,"ascent":19,"type":"bitmap"},{"file":"diamondworld/ui/media_partner.png","chars":[""],"height":256,"ascent":19,"type":"bitmap"},{"file":"diamondworld/ui/lobby.png","chars":[""],"height":256,"ascent":19,"type":"bitmap"},{"file":"diamondworld/tags/owner.png","chars":[""],"height":9,"ascent":8,"type":"bitmap"},{"file":"diamondworld/tags/owner.png","chars":[""],"height":9,"ascent":8,"type":"bitmap"},{"file":"diamondworld/tags/owner_short.png","chars":[""],"height":9,"ascent":8,"type":"bitmap"},{"file":"diamondworld/tags/admin.png","chars":[""],"height":9,"ascent":8,"type":"bitmap"},{"file":"diamondworld/tags/admin_short.png","chars":[""],"height":9,"ascent":8,"type":"bitmap"},{"file":"diamondworld/tags/manager.png","chars":[""],"height":9,"ascent":8,"type":"bitmap"},{"file":"diamondworld/tags/manager_short.png","chars":[""],"height":9,"ascent":8,"type":"bitmap"},{"file":"diamondworld/tags/bot.png","chars":[""],"height":9,"ascent":8,"type":"bitmap"},{"file":"diamondworld/tags/bot_short.png","chars":[""],"height":9,"ascent":8,"type":"bitmap"},{"file":"diamondworld/tags/crdeveloper.png","chars":[""],"height":9,"ascent":8,"type":"bitmap"},{"file":"diamondworld/tags/crdeveloper_short.png","chars":[""],"height":9,"ascent":8,"type":"bitmap"},{"file":"diamondworld/tags/srdeveloper.png","chars":[""],"height":9,"ascent":8,"type":"bitmap"},{"file":"diamondworld/tags/srdeveloper_short.png","chars":[""],"height":9,"ascent":8,"type":"bitmap"},{"file":"diamondworld/tags/developer.png","chars":[""],"height":9,"ascent":8,"type":"bitmap"},{"file":"diamondworld/tags/developer_short.png","chars":[""],"height":9,"ascent":8,"type":"bitmap"},{"file":"diamondworld/tags/jrdeveloper.png","chars":[""],"height":9,"ascent":8,"type":"bitmap"},{"file":"diamondworld/tags/jrdeveloper_short.png","chars":[""],"height":9,"ascent":8,"type":"bitmap"},{"file":"diamondworld/tags/crdesigner.png","chars":[""],"height":9,"ascent":8,"type":"bitmap"},{"file":"diamondworld/tags/crdesigner_short.png","chars":[""],"height":9,"ascent":8,"type":"bitmap"},{"file":"diamondworld/tags/srgdesigner.png","chars":[""],"height":9,"ascent":8,"type":"bitmap"},{"file":"diamondworld/tags/srgdesigner_short.png","chars":[""],"height":9,"ascent":8,"type":"bitmap"},{"file":"diamondworld/tags/gdesigner.png","chars":[""],"height":9,"ascent":8,"type":"bitmap"},{"file":"diamondworld/tags/gdesigner_short.png","chars":[""],"height":9,"ascent":8,"type":"bitmap"},{"file":"diamondworld/tags/uidesigner.png","chars":[""],"height":9,"ascent":8,"type":"bitmap"},{"file":"diamondworld/tags/uidesigner_short.png","chars":[""],"height":9,"ascent":8,"type":"bitmap"},{"file":"diamondworld/tags/leveldesigner.png","chars":[""],"height":9,"ascent":8,"type":"bitmap"},{"file":"diamondworld/tags/leveldesigner_short.png","chars":[""],"height":9,"ascent":8,"type":"bitmap"},{"file":"diamondworld/tags/eventdesigner.png","chars":[""],"height":9,"ascent":8,"type":"bitmap"},{"file":"diamondworld/tags/eventdesigner_short.png","chars":[""],"height":9,"ascent":8,"type":"bitmap"},{"file":"diamondworld/tags/jrdesigner.png","chars":[""],"height":9,"ascent":8,"type":"bitmap"},{"file":"diamondworld/tags/jrdesigner_short.png","chars":[""],"height":9,"ascent":8,"type":"bitmap"},{"file":"diamondworld/tags/crtester.png","chars":[""],"height":9,"ascent":8,"type":"bitmap"},{"file":"diamondworld/tags/crtester_short.png","chars":[""],"height":9,"ascent":8,"type":"bitmap"},{"file":"diamondworld/tags/tester.png","chars":[""],"height":9,"ascent":8,"type":"bitmap"},{"file":"diamondworld/tags/tester_short.png","chars":[""],"height":9,"ascent":8,"type":"bitmap"},{"file":"diamondworld/tags/jrtester.png","chars":[""],"height":9,"ascent":8,"type":"bitmap"},{"file":"diamondworld/tags/jrtester_short.png","chars":[""],"height":9,"ascent":8,"type":"bitmap"},{"file":"diamondworld/tags/crbuilder.png","chars":[""],"height":9,"ascent":8,"type":"bitmap"},{"file":"diamondworld/tags/crbuilder_short.png","chars":[""],"height":9,"ascent":8,"type":"bitmap"},{"file":"diamondworld/tags/brigadier.png","chars":[""],"height":9,"ascent":8,"type":"bitmap"},{"file":"diamondworld/tags/brigadier_short.png","chars":[""],"height":9,"ascent":8,"type":"bitmap"},{"file":"diamondworld/tags/srbuilder.png","chars":[""],"height":9,"ascent":8,"type":"bitmap"},{"file":"diamondworld/tags/srbuilder_short.png","chars":[""],"height":9,"ascent":8,"type":"bitmap"},{"file":"diamondworld/tags/builder.png","chars":[""],"height":9,"ascent":8,"type":"bitmap"},{"file":"diamondworld/tags/builder_short.png","chars":[""],"height":9,"ascent":8,"type":"bitmap"},{"file":"diamondworld/tags/jrbuilder.png","chars":[""],"height":9,"ascent":8,"type":"bitmap"},{"file":"diamondworld/tags/jrbuilder_short.png","chars":[""],"height":9,"ascent":8,"type":"bitmap"},{"file":"diamondworld/tags/smmmanager.png","chars":[""],"height":9,"ascent":8,"type":"bitmap"},{"file":"diamondworld/tags/smmmanager_short.png","chars":[""],"height":9,"ascent":8,"type":"bitmap"},{"file":"diamondworld/tags/mrcommunity.png","chars":[""],"height":9,"ascent":8,"type":"bitmap"},{"file":"diamondworld/tags/mrcommunity_short.png","chars":[""],"height":9,"ascent":8,"type":"bitmap"},{"file":"diamondworld/tags/crsocmoder.png","chars":[""],"height":9,"ascent":8,"type":"bitmap"},{"file":"diamondworld/tags/crsocmoder_short.png","chars":[""],"height":9,"ascent":8,"type":"bitmap"},{"file":"diamondworld/tags/crpoliceman.png","chars":[""],"height":9,"ascent":8,"type":"bitmap"},{"file":"diamondworld/tags/crpoliceman_short.png","chars":[""],"height":9,"ascent":8,"type":"bitmap"},{"file":"diamondworld/tags/ldpoliceman.png","chars":[""],"height":9,"ascent":8,"type":"bitmap"},{"file":"diamondworld/tags/ldpoliceman_short.png","chars":[""],"height":9,"ascent":8,"type":"bitmap"},{"file":"diamondworld/tags/srpoliceman.png","chars":[""],"height":9,"ascent":8,"type":"bitmap"},{"file":"diamondworld/tags/srpoliceman_short.png","chars":[""],"height":9,"ascent":8,"type":"bitmap"},{"file":"diamondworld/tags/policeman.png","chars":[""],"height":9,"ascent":8,"type":"bitmap"},{"file":"diamondworld/tags/policeman_short.png","chars":[""],"height":9,"ascent":8,"type":"bitmap"},{"file":"diamondworld/tags/helper.png","chars":[""],"height":9,"ascent":8,"type":"bitmap"},{"file":"diamondworld/tags/helper_short.png","chars":[""],"height":9,"ascent":8,"type":"bitmap"},{"file":"diamondworld/tags/diamondyoutube.png","chars":[""],"height":9,"ascent":8,"type":"bitmap"},{"file":"diamondworld/tags/diamondyoutube_short.png","chars":[""],"height":9,"ascent":8,"type":"bitmap"},{"file":"diamondworld/tags/youtubeplus.png","chars":[""],"height":9,"ascent":8,"type":"bitmap"},{"file":"diamondworld/tags/youtubeplus_short.png","chars":[""],"height":9,"ascent":8,"type":"bitmap"},{"file":"diamondworld/tags/youtube.png","chars":[""],"height":9,"ascent":8,"type":"bitmap"},{"file":"diamondworld/tags/youtube_short.png","chars":[""],"height":9,"ascent":8,"type":"bitmap"},{"file":"diamondworld/tags/diamondtwitch.png","chars":[""],"height":9,"ascent":8,"type":"bitmap"},{"file":"diamondworld/tags/diamondtwitch_short.png","chars":[""],"height":9,"ascent":8,"type":"bitmap"},{"file":"diamondworld/tags/twitchplus.png","chars":[""],"height":9,"ascent":8,"type":"bitmap"},{"file":"diamondworld/tags/twitchplus_short.png","chars":[""],"height":9,"ascent":8,"type":"bitmap"},{"file":"diamondworld/tags/twitch.png","chars":[""],"height":9,"ascent":8,"type":"bitmap"},{"file":"diamondworld/tags/twitch_short.png","chars":[""],"height":9,"ascent":8,"type":"bitmap"},{"file":"diamondworld/tags/diamondtiktok.png","chars":[""],"height":9,"ascent":8,"type":"bitmap"},{"file":"diamondworld/tags/diamondtiktok_short.png","chars":[""],"height":9,"ascent":8,"type":"bitmap"},{"file":"diamondworld/tags/tiktokplus.png","chars":[""],"height":9,"ascent":8,"type":"bitmap"},{"file":"diamondworld/tags/tiktokplus_short.png","chars":[""],"height":9,"ascent":8,"type":"bitmap"},{"file":"diamondworld/tags/tiktok.png","chars":[""],"height":9,"ascent":8,"type":"bitmap"},{"file":"diamondworld/tags/tiktok_short.png","chars":[""],"height":9,"ascent":8,"type":"bitmap"},{"file":"diamondworld/tags/dmanager.png","chars":[""],"height":9,"ascent":8,"type":"bitmap"},{"file":"diamondworld/tags/dmanager_short.png","chars":[""],"height":9,"ascent":8,"type":"bitmap"},{"file":"diamondworld/tags/sponsor.png","chars":[""],"height":9,"ascent":8,"type":"bitmap"},{"file":"diamondworld/tags/sponsor_short.png","chars":[""],"height":9,"ascent":8,"type":"bitmap"},{"file":"diamondworld/tags/mafia.png","chars":[""],"height":9,"ascent":8,"type":"bitmap"},{"file":"diamondworld/tags/mafia_short.png","chars":[""],"height":9,"ascent":8,"type":"bitmap"},{"file":"diamondworld/tags/bigboss.png","chars":[""],"height":9,"ascent":8,"type":"bitmap"},{"file":"diamondworld/tags/bigboss_short.png","chars":[""],"height":9,"ascent":8,"type":"bitmap"},{"file":"diamondworld/tags/boss.png","chars":[""],"height":9,"ascent":8,"type":"bitmap"},{"file":"diamondworld/tags/boss_short.png","chars":[""],"height":9,"ascent":8,"type":"bitmap"},{"file":"diamondworld/tags/gangster.png","chars":[""],"height":9,"ascent":8,"type":"bitmap"},{"file":"diamondworld/tags/gangster_short.png","chars":[""],"height":9,"ascent":8,"type":"bitmap"},{"file":"diamondworld/tags/killer.png","chars":[""],"height":9,"ascent":8,"type":"bitmap"},{"file":"diamondworld/tags/killer_short.png","chars":[""],"height":9,"ascent":8,"type":"bitmap"},{"file":"diamondworld/tags/bandit.png","chars":[""],"height":9,"ascent":8,"type":"bitmap"},{"file":"diamondworld/tags/bandit_short.png","chars":[""],"height":9,"ascent":8,"type":"bitmap"},{"file":"diamondworld/customtags/infected.png","chars":[""],"height":9,"ascent":8,"type":"bitmap"},{"file":"diamondworld/customtags/infected_short.png","chars":[""],"height":9,"ascent":8,"type":"bitmap"},{"file":"diamondworld/customtags/lightning.png","chars":[""],"height":9,"ascent":8,"type":"bitmap"},{"file":"diamondworld/customtags/lightning_short.png","chars":[""],"height":9,"ascent":8,"type":"bitmap"},{"file":"diamondworld/customtags/yakuza.png","chars":[""],"height":9,"ascent":8,"type":"bitmap"},{"file":"diamondworld/customtags/yakuza_short.png","chars":[""],"height":9,"ascent":8,"type":"bitmap"},{"file":"diamondworld/customtags/srpoliceman.png","chars":[""],"height":9,"ascent":8,"type":"bitmap"},{"file":"diamondworld/customtags/srpoliceman_short.png","chars":[""],"height":9,"ascent":8,"type":"bitmap"},{"file":"diamondworld/customtags/policeman.png","chars":[""],"height":9,"ascent":8,"type":"bitmap"},{"file":"diamondworld/customtags/policeman_short.png","chars":[""],"height":9,"ascent":8,"type":"bitmap"},{"file":"diamondworld/customtags/akatsuki.png","chars":[""],"height":9,"ascent":8,"type":"bitmap"},{"file":"diamondworld/customtags/akatsuki_short.png","chars":[""],"height":9,"ascent":8,"type":"bitmap"},{"file":"diamondworld/customtags/nightraid.png","chars":[""],"height":9,"ascent":8,"type":"bitmap"},{"file":"diamondworld/customtags/nightraid_short.png","chars":[""],"height":9,"ascent":8,"type":"bitmap"},{"file":"diamondworld/customtags/lucifer.png","chars":[""],"height":9,"ascent":8,"type":"bitmap"},{"file":"diamondworld/customtags/lucifer_short.png","chars":[""],"height":9,"ascent":8,"type":"bitmap"},{"file":"diamondworld/customtags/sweet.png","chars":[""],"height":9,"ascent":8,"type":"bitmap"},{"file":"diamondworld/customtags/sweet_short.png","chars":[""],"height":9,"ascent":8,"type":"bitmap"},{"file":"diamondworld/customtags/they.png","chars":[""],"height":9,"ascent":8,"type":"bitmap"},{"file":"diamondworld/customtags/they_short.png","chars":[""],"height":9,"ascent":8,"type":"bitmap"},{"file":"diamondworld/customtags/muda.png","chars":[""],"height":9,"ascent":8,"type":"bitmap"},{"file":"diamondworld/customtags/muda_short.png","chars":[""],"height":9,"ascent":8,"type":"bitmap"},{"file":"diamondworld/customtags/darkness.png","chars":[""],"height":9,"ascent":8,"type":"bitmap"},{"file":"diamondworld/customtags/darkness_short.png","chars":[""],"height":9,"ascent":8,"type":"bitmap"},{"file":"diamondworld/customtags/powerplayer.png","chars":[""],"height":9,"ascent":8,"type":"bitmap"},{"file":"diamondworld/customtags/powerplayer_short.png","chars":[""],"height":9,"ascent":8,"type":"bitmap"},{"file":"diamondworld/customtags/risedfromhell.png","chars":[""],"height":9,"ascent":8,"type":"bitmap"},{"file":"diamondworld/customtags/risedfromhell_short.png","chars":[""],"height":9,"ascent":8,"type":"bitmap"},{"file":"diamondworld/customtags/headlessrider.png","chars":[""],"height":9,"ascent":8,"type":"bitmap"},{"file":"diamondworld/customtags/headlessrider_short.png","chars":[""],"height":9,"ascent":8,"type":"bitmap"},{"file":"diamondworld/customtags/infinity.png","chars":[""],"height":9,"ascent":8,"type":"bitmap"},{"file":"diamondworld/customtags/infinity_short.png","chars":[""],"height":9,"ascent":8,"type":"bitmap"},{"file":"diamondworld/tags/socmoder.png","chars":[""],"height":9,"ascent":8,"type":"bitmap"},{"file":"diamondworld/tags/socmoder_short.png","chars":[""],"height":9,"ascent":8,"type":"bitmap"},{"file":"diamondworld/tags/ldsocmoder.png","chars":[""],"height":9,"ascent":8,"type":"bitmap"},{"file":"diamondworld/tags/ldsocmoder_short.png","chars":[""],"height":9,"ascent":8,"type":"bitmap"},{"file":"diamondworld/ui/escape/return_button.png","chars":[""],"height":20,"ascent":13,"type":"bitmap"},{"file":"diamondworld/ui/escape/disconnect_button.png","chars":[""],"height":20,"ascent":13,"type":"bitmap"},{"file":"diamondworld/ui/escape/banner.png","chars":[""],"height":78,"ascent":-10,"type":"bitmap"},{"file":"diamondworld/ui/dialogue/background.png","chars":[""],"height":50,"ascent":6,"type":"bitmap"},{"file":"diamondworld/emojis/chat/nametag.png","chars":[""],"height":10,"ascent":8,"type":"bitmap"},{"file":"diamondworld/emojis/chat/compass.png","chars":[""],"height":10,"ascent":8,"type":"bitmap"},{"file":"diamondworld/emojis/chat/banner.png","chars":[""],"height":10,"ascent":8,"type":"bitmap"},{"file":"diamondworld/emojis/chat/diamond.png","chars":[""],"height":9,"ascent":8,"type":"bitmap"},{"file":"diamondworld/emojis/chat/magma.png","chars":[""],"height":10,"ascent":8,"type":"bitmap"},{"file":"diamondworld/emojis/chat/diamond_pickaxe.png","chars":[""],"height":10,"ascent":8,"type":"bitmap"},{"file":"diamondworld/emojis/chat/diamond_sword.png","chars":[""],"height":10,"ascent":8,"type":"bitmap"},{"file":"diamondworld/emojis/chat/exp.png","chars":[""],"height":10,"ascent":8,"type":"bitmap"},{"file":"diamondworld/emojis/chat/token_prestige_score.png","chars":[""],"height":10,"ascent":8,"type":"bitmap"},{"file":"diamondworld/emojis/chat/prestige_score.png","chars":[""],"height":10,"ascent":9,"type":"bitmap"},{"file":"diamondworld/emojis/chat/nugget.png","chars":[""],"height":10,"ascent":8,"type":"bitmap"},{"file":"diamondworld/emojis/chat/shard.png","chars":[""],"height":10,"ascent":8,"type":"bitmap"},{"file":"diamondworld/emojis/chat/bell.png","chars":[""],"height":10,"ascent":8,"type":"bitmap"},{"file":"diamondworld/emojis/chat/mc_diamond.png","chars":[""],"height":10,"ascent":9,"type":"bitmap"},{"file":"diamondworld/emojis/chat/brick.png","chars":[""],"height":9,"ascent":8,"type":"bitmap"},{"file":"diamondworld/emojis/chat/book.png","chars":[""],"height":9,"ascent":8,"type":"bitmap"},{"file":"diamondworld/emojis/chat/exp_orb.png","chars":[""],"height":9,"ascent":7,"type":"bitmap"},{"file":"prisonevo/ui/bossbar/statistics/tab_left.png","chars":[""],"height":12,"ascent":9,"type":"bitmap"},{"file":"prisonevo/ui/bossbar/statistics/tab_right.png","chars":[""],"height":12,"ascent":9,"type":"bitmap"},{"file":"prisonevo/ui/bossbar/statistics/money.png","chars":[""],"height":12,"ascent":9,"type":"bitmap"},{"file":"prisonevo/ui/bossbar/statistics/shards.png","chars":[""],"height":12,"ascent":9,"type":"bitmap"},{"file":"prisonevo/ui/bossbar/statistics/level.png","chars":[""],"height":12,"ascent":9,"type":"bitmap"},{"file":"prisonevo/ui/bossbar/statistics/blocks_world.png","chars":[""],"height":12,"ascent":9,"type":"bitmap"},{"file":"prisonevo/ui/bossbar/statistics/blocks_nether.png","chars":[""],"height":12,"ascent":9,"type":"bitmap"},{"file":"prisonevo/ui/bossbar/statistics/kills_world.png","chars":[""],"height":12,"ascent":9,"type":"bitmap"},{"file":"prisonevo/ui/bossbar/statistics/kills_nether.png","chars":[""],"height":12,"ascent":9,"type":"bitmap"},{"file":"prisonevo/ui/bossbar/statistics/online.png","chars":[""],"height":12,"ascent":9,"type":"bitmap"},{"file":"bossfight/ui/bossbar/statistics/boss_kills.png","chars":[""],"height":12,"ascent":9,"type":"bitmap"},{"file":"bossfight/ui/bossbar/statistics/crystals.png","chars":[""],"height":12,"ascent":9,"type":"bitmap"},{"file":"bossfight/ui/bossbar/statistics/exp.png","chars":[""],"height":12,"ascent":9,"type":"bitmap"},{"file":"bossfight/ui/bossbar/statistics/resources.png","chars":[""],"height":12,"ascent":9,"type":"bitmap"},{"file":"prisonevo/ui/bossbar/statistics/1.png","chars":[""],"height":12,"ascent":9,"type":"bitmap"},{"file":"prisonevo/ui/bossbar/statistics/2.png","chars":[""],"height":12,"ascent":9,"type":"bitmap"},{"file":"prisonevo/ui/bossbar/statistics/3.png","chars":[""],"height":12,"ascent":9,"type":"bitmap"},{"file":"prisonevo/ui/bossbar/statistics/4.png","chars":[""],"height":12,"ascent":9,"type":"bitmap"},{"file":"prisonevo/ui/bossbar/statistics/5.png","chars":[""],"height":12,"ascent":9,"type":"bitmap"},{"file":"prisonevo/ui/bossbar/statistics/6.png","chars":[""],"height":12,"ascent":9,"type":"bitmap"},{"file":"prisonevo/ui/bossbar/statistics/7.png","chars":[""],"height":12,"ascent":9,"type":"bitmap"},{"file":"prisonevo/ui/bossbar/statistics/8.png","chars":[""],"height":12,"ascent":9,"type":"bitmap"},{"file":"prisonevo/ui/bossbar/statistics/9.png","chars":[""],"height":12,"ascent":9,"type":"bitmap"},{"file":"prisonevo/ui/bossbar/statistics/0.png","chars":[""],"height":12,"ascent":9,"type":"bitmap"},{"file":"prisonevo/ui/bossbar/statistics/dot.png","chars":[""],"height":12,"ascent":9,"type":"bitmap"},{"file":"prisonevo/ui/bossbar/statistics/k.png","chars":[""],"height":12,"ascent":9,"type":"bitmap"},{"file":"prisonevo/ui/bossbar/statistics/m.png","chars":[""],"height":12,"ascent":9,"type":"bitmap"},{"file":"prisonevo/ui/bossbar/statistics/b.png","chars":[""],"height":12,"ascent":9,"type":"bitmap"},{"file":"prisonevo/ui/bossbar/statistics/t.png","chars":[""],"height":12,"ascent":9,"type":"bitmap"},{"file":"prisonevo/ui/bossbar/statistics/q.png","chars":[""],"height":12,"ascent":9,"type":"bitmap"},{"file":"prisonevo/ui/bossbar/statistics/qi.png","chars":[""],"height":12,"ascent":9,"type":"bitmap"},{"file":"prisonevo/ui/bossbar/statistics/slash.png","chars":[""],"height":12,"ascent":9,"type":"bitmap"},{"file":"diamondworld/emojis/chat/shard_icon.png","chars":[""],"height":10,"ascent":8,"type":"bitmap"},{"file":"opprison/ui/bossbar/statistics/prestige.png","chars":[""],"height":12,"ascent":9,"type":"bitmap"},{"file":"opprison/ui/bossbar/statistics/token.png","chars":[""],"height":12,"ascent":9,"type":"bitmap"},{"file":"opprison/ui/bossbar/statistics/token_prestige.png","chars":[""],"height":12,"ascent":9,"type":"bitmap"},{"file":"opprison/ui/bossbar/statistics/a.png","chars":[""],"height":11,"ascent":9,"type":"bitmap"},{"file":"opprison/ui/bossbar/statistics/c.png","chars":[""],"height":12,"ascent":9,"type":"bitmap"},{"file":"opprison/ui/bossbar/statistics/d.png","chars":[""],"height":12,"ascent":9,"type":"bitmap"},{"file":"opprison/ui/bossbar/statistics/e.png","chars":[""],"height":12,"ascent":9,"type":"bitmap"},{"file":"opprison/ui/bossbar/statistics/f.png","chars":[""],"height":12,"ascent":9,"type":"bitmap"},{"file":"opprison/ui/bossbar/statistics/g.png","chars":[""],"height":12,"ascent":9,"type":"bitmap"},{"file":"opprison/ui/bossbar/statistics/h.png","chars":[""],"height":12,"ascent":9,"type":"bitmap"},{"file":"opprison/ui/bossbar/statistics/i.png","chars":[""],"height":12,"ascent":9,"type":"bitmap"},{"file":"opprison/ui/bossbar/statistics/j.png","chars":[""],"height":12,"ascent":9,"type":"bitmap"},{"file":"opprison/ui/bossbar/statistics/l.png","chars":[""],"height":12,"ascent":9,"type":"bitmap"},{"file":"opprison/ui/bossbar/statistics/n.png","chars":[""],"height":12,"ascent":9,"type":"bitmap"},{"file":"opprison/ui/bossbar/statistics/o.png","chars":[""],"height":12,"ascent":9,"type":"bitmap"},{"file":"opprison/ui/bossbar/statistics/p.png","chars":[""],"height":12,"ascent":9,"type":"bitmap"},{"file":"opprison/ui/bossbar/statistics/r.png","chars":[""],"height":12,"ascent":9,"type":"bitmap"},{"file":"opprison/ui/bossbar/statistics/s.png","chars":[""],"height":12,"ascent":9,"type":"bitmap"},{"file":"opprison/ui/bossbar/statistics/u.png","chars":[""],"height":12,"ascent":9,"type":"bitmap"},{"file":"opprison/ui/bossbar/statistics/v.png","chars":[""],"height":12,"ascent":9,"type":"bitmap"},{"file":"opprison/ui/bossbar/statistics/w.png","chars":[""],"height":12,"ascent":9,"type":"bitmap"},{"file":"opprison/ui/bossbar/statistics/x.png","chars":[""],"height":12,"ascent":9,"type":"bitmap"},{"file":"opprison/ui/bossbar/statistics/y.png","chars":[""],"height":12,"ascent":9,"type":"bitmap"},{"file":"opprison/ui/bossbar/statistics/z.png","chars":[""],"height":12,"ascent":9,"type":"bitmap"},{"file":"opprison/ui/bossbar/statistics/opkeys.png","chars":[""],"height":12,"ascent":10,"type":"bitmap"},{"file":"prisonevo/ui/bossbar/events/event.png","chars":[""],"height":8,"ascent":7,"type":"bitmap"},{"file":"prisonevo/ui/bossbar/events/mythical.png","chars":[""],"height":8,"ascent":-5,"type":"bitmap"},{"file":"prisonevo/ui/bossbar/events/gold.png","chars":[""],"height":8,"ascent":-5,"type":"bitmap"},{"file":"prisonevo/ui/bossbar/events/guardian.png","chars":[""],"height":8,"ascent":-5,"type":"bitmap"},{"file":"prisonevo/ui/bossbar/events/nothing.png","chars":[""],"height":8,"ascent":-5,"type":"bitmap"},{"file":"creative/ui/dialogue/apollon.png","chars":[""],"height":42,"ascent":2,"type":"bitmap"},{"file":"creative/tags/god.png","chars":[""],"height":9,"ascent":8,"type":"bitmap"},{"file":"seasonal/emojis/currency.png","chars":[""],"height":10,"ascent":8,"type":"bitmap"},{"file":"skyblock/ui/bossbar/statistics/kills_world.png","chars":[""],"height":11,"ascent":9,"type":"bitmap"},{"file":"skyblock/ui/bossbar/statistics/death.png","chars":[""],"height":11,"ascent":9,"type":"bitmap"},{"file":"prisonnormal/ui/bossbar/statistics/blocks.png","chars":[""],"height":11,"ascent":9,"type":"bitmap"},{"file":"prisonnormal/ui/bossbar/statistics/keys.png","chars":[""],"height":11,"ascent":9,"type":"bitmap"},{"file":"prisonnormal/ui/bossbar/statistics/money.png","chars":[""],"height":11,"ascent":9,"type":"bitmap"},{"file":"prisonnormal/ui/bossbar/statistics/keysc.png","chars":[""],"height":9,"ascent":8,"type":"bitmap"},{"file":"prisonevo/ui/menu/main.png","chars":[""],"height":256,"ascent":19,"type":"bitmap"},{"file":"prisonevo/ui/menu/upgrades.png","chars":[""],"height":256,"ascent":19,"type":"bitmap"},{"file":"prisonevo/ui/menu/hellupgrades.png","chars":[""],"height":256,"ascent":19,"type":"bitmap"},{"file":"prisonevo/ui/menu/pets.png","chars":[""],"height":256,"ascent":19,"type":"bitmap"},{"file":"prisonevo/ui/menu/shop.png","chars":[""],"height":256,"ascent":19,"type":"bitmap"},{"file":"prisonevo/ui/menu/shardshop.png","chars":[""],"height":256,"ascent":19,"type":"bitmap"},{"file":"prisonevo/ui/menu/diamondpass.png","chars":[""],"height":256,"ascent":19,"type":"bitmap"},{"file":"prisonevo/ui/menu/diamondpasstasks.png","chars":[""],"height":256,"ascent":19,"type":"bitmap"},{"file":"prisonevo/ui/menu/diamondpassrewards.png","chars":[""],"height":256,"ascent":19,"type":"bitmap"},{"file":"prisonevo/ui/menu/dungeonnormal.png","chars":[""],"height":256,"ascent":19,"type":"bitmap"},{"file":"prisonevo/ui/menu/bossnormal.png","chars":[""],"height":256,"ascent":19,"type":"bitmap"},{"file":"prisonevo/ui/menu/hellboss.png","chars":[""],"height":256,"ascent":19,"type":"bitmap"},{"file":"prisonevo/ui/menu/collection.png","chars":[""],"height":256,"ascent":19,"type":"bitmap"},{"file":"prisonevo/ui/menu/donate.png","chars":[""],"height":256,"ascent":19,"type":"bitmap"},{"file":"prisonevo/ui/menu/mine.png","chars":[""],"height":256,"ascent":19,"type":"bitmap"},{"file":"prisonevo/ui/buttons/balance.png","chars":[""],"height":16,"ascent":15,"type":"bitmap"},{"file":"prisonevo/ui/buttons/buttonleft.png","chars":[""],"height":16,"ascent":15,"type":"bitmap"},{"file":"prisonevo/ui/buttons/buttonleftlock.png","chars":[""],"height":16,"ascent":15,"type":"bitmap"},{"file":"prisonevo/ui/buttons/buttonright.png","chars":[""],"height":16,"ascent":15,"type":"bitmap"},{"file":"prisonevo/ui/buttons/buttonrightlock.png","chars":[""],"height":16,"ascent":15,"type":"bitmap"},{"file":"prisonevo/ui/buttons/collection.png","chars":[""],"height":16,"ascent":15,"type":"bitmap"},{"file":"prisonevo/ui/buttons/dpcomplete.png","chars":[""],"height":31,"ascent":15,"type":"bitmap"},{"file":"prisonevo/ui/buttons/dpdonate.png","chars":[""],"height":35,"ascent":-4,"type":"bitmap"},{"file":"prisonevo/ui/buttons/dpeasy.png","chars":[""],"height":31,"ascent":15,"type":"bitmap"},{"file":"prisonevo/ui/buttons/dphard.png","chars":[""],"height":31,"ascent":15,"type":"bitmap"},{"file":"prisonevo/ui/buttons/dpstandart.png","chars":[""],"height":35,"ascent":-4,"type":"bitmap"},{"file":"prisonevo/ui/buttons/dpreward.png","chars":[""],"height":51,"ascent":19,"type":"bitmap"},{"file":"prisonevo/ui/buttons/hellcollection.png","chars":[""],"height":16,"ascent":15,"type":"bitmap"},{"file":"prisonevo/ui/buttons/lockhell.png","chars":[""],"height":16,"ascent":15,"type":"bitmap"},{"file":"prisonevo/ui/buttons/locknormal.png","chars":[""],"height":16,"ascent":15,"type":"bitmap"},{"file":"prisonevo/ui/menu/clans.png","chars":[""],"height":256,"ascent":19,"type":"bitmap"},{"file":"prisonevo/ui/menu/collection2.png","chars":[""],"height":256,"ascent":19,"type":"bitmap"},{"file":"prisonevo/ui/buttons/shopback.png","chars":[""],"height":19,"ascent":-3,"type":"bitmap"},{"file":"prisonevo/ui/buttons/shopback.png","chars":[""],"height":19,"ascent":-20,"type":"bitmap"},{"file":"prisonevo/ui/buttons/shopback.png","chars":[""],"height":19,"ascent":-38,"type":"bitmap"},{"file":"prisonevo/ui/buttons/dpeasy.png","chars":[""],"height":17,"ascent":-22,"type":"bitmap"},{"file":"prisonevo/ui/buttons/dpeasy.png","chars":[""],"height":17,"ascent":-40,"type":"bitmap"},{"file":"prisonevo/ui/buttons/dpeasy.png","chars":[""],"height":17,"ascent":-58,"type":"bitmap"},{"file":"prisonevo/ui/buttons/dpnormal.png","chars":[""],"height":17,"ascent":-22,"type":"bitmap"},{"file":"prisonevo/ui/buttons/dpnormal.png","chars":[""],"height":17,"ascent":-40,"type":"bitmap"},{"file":"prisonevo/ui/buttons/dpnormal.png","chars":[""],"height":17,"ascent":-58,"type":"bitmap"},{"file":"prisonevo/ui/buttons/dphard.png","chars":[""],"height":17,"ascent":-22,"type":"bitmap"},{"file":"prisonevo/ui/buttons/dphard.png","chars":[""],"height":17,"ascent":-40,"type":"bitmap"},{"file":"prisonevo/ui/buttons/dphard.png","chars":[""],"height":17,"ascent":-58,"type":"bitmap"},{"file":"prisonevo/ui/buttons/dpcomplete.png","chars":[""],"height":17,"ascent":-22,"type":"bitmap"},{"file":"prisonevo/ui/buttons/dpcomplete.png","chars":[""],"height":17,"ascent":-40,"type":"bitmap"},{"file":"prisonevo/ui/buttons/dpcomplete.png","chars":[""],"height":17,"ascent":-58,"type":"bitmap"},{"file":"prisonevo/ui/buttons/dpcompletemini.png","chars":[""],"height":32,"ascent":19,"type":"bitmap"},{"type":"bitmap","file":"modelengine/entity/blackscreen.png","height":512,"ascent":256,"chars":["ᬄ"]},{"file":"prisonevo/ui/menu/achievement.png","chars":[""],"height":256,"ascent":19,"type":"bitmap"},{"file":"prisonevo/ui/menu/achievement_goals.png","chars":[""],"height":256,"ascent":19,"type":"bitmap"},{"file":"prisonevo/ui/menu/achievement_hell.png","chars":[""],"height":256,"ascent":19,"type":"bitmap"},{"file":"diamondworld/cosmetics/emoji/angel.png","chars":["က"],"height":11,"ascent":9,"type":"bitmap"},{"file":"prisonevo/ui/menu/petslock.png","chars":[""],"height":35,"ascent":-75,"type":"bitmap"},{"file":"prisonevo/ui/menu/collectionslock.png","chars":[""],"height":35,"ascent":-75,"type":"bitmap"},{"file":"prisonevo/ui/menu/upgradeslock.png","chars":[""],"height":35,"ascent":-75,"type":"bitmap"},{"file":"prisonevo/ui/menu/dpasslock.png","chars":[""],"height":35,"ascent":-75,"type":"bitmap"},{"file":"prisonevo/ui/menu/runebag.png","chars":[""],"height":256,"ascent":19,"type":"bitmap"},{"file":"prisonevo/ui/buttons/setrunelock.png","chars":[""],"height":18,"ascent":-4,"type":"bitmap"},{"file":"prisonevo/ui/menu/case.png","chars":[""],"height":256,"ascent":19,"type":"bitmap"},{"file":"prisonevo/ui/menu/caseanim1.png","chars":[""],"height":256,"ascent":19,"type":"bitmap"},{"file":"prisonevo/ui/menu/caseanim2.png","chars":[""],"height":256,"ascent":19,"type":"bitmap"},{"file":"prisonevo/ui/menu/caseanim3.png","chars":[""],"height":256,"ascent":19,"type":"bitmap"},{"file":"prisonevo/ui/menu/caseanim4.png","chars":[""],"height":256,"ascent":19,"type":"bitmap"},{"file":"diamondworld/cosmetics/emoji/gg.png","chars":["ခ"],"height":8,"ascent":7,"type":"bitmap"},{"file":"diamondworld/cosmetics/emoji/vomit.png","chars":["ဂ"],"height":8,"ascent":7,"type":"bitmap"},{"file":"diamondworld/cosmetics/emoji/joy_2.png","chars":["ဃ"],"height":8,"ascent":7,"type":"bitmap"},{"file":"diamondworld/cosmetics/emoji/confused_2.png","chars":["င"],"height":8,"ascent":7,"type":"bitmap"},{"file":"diamondworld/cosmetics/emoji/stunned.png","chars":["စ"],"height":8,"ascent":7,"type":"bitmap"},{"file":"diamondworld/cosmetics/emoji/fachero.png","chars":["ဆ"],"height":8,"ascent":7,"type":"bitmap"},{"file":"diamondworld/cosmetics/emoji/fascinated.png","chars":["ဇ"],"height":8,"ascent":7,"type":"bitmap"},{"file":"diamondworld/cosmetics/emoji/confused.png","chars":["ဈ"],"height":8,"ascent":7,"type":"bitmap"},{"file":"diamondworld/cosmetics/emoji/nausea.png","chars":["ဉ"],"height":8,"ascent":7,"type":"bitmap"},{"file":"diamondworld/cosmetics/emoji/eyes_hearts.png","chars":["တ"],"height":8,"ascent":7,"type":"bitmap"},{"file":"diamondworld/cosmetics/emoji/joy.png","chars":["ထ"],"height":8,"ascent":7,"type":"bitmap"},{"file":"diamondworld/cosmetics/emoji/contagious.png","chars":["ဒ"],"height":8,"ascent":7,"type":"bitmap"},{"file":"diamondworld/cosmetics/emoji/nerd.png","chars":["ဓ"],"height":8,"ascent":7,"type":"bitmap"},{"file":"diamondworld/cosmetics/emoji/sad.png","chars":["န"],"height":8,"ascent":7,"type":"bitmap"},{"file":"diamondworld/cosmetics/emoji/without_expresion.png","chars":["ပ"],"height":8,"ascent":7,"type":"bitmap"},{"file":"diamondworld/cosmetics/emoji/sad_2.png","chars":["ဖ"],"height":8,"ascent":7,"type":"bitmap"},{"file":"diamondworld/cosmetics/emoji/angry.png","chars":["ဗ"],"height":8,"ascent":7,"type":"bitmap"},{"file":"diamondworld/cosmetics/emoji/scream.png","chars":["ဘ"],"height":8,"ascent":7,"type":"bitmap"},{"file":"diamondworld/cosmetics/emoji/elegant.png","chars":["မ"],"height":8,"ascent":7,"type":"bitmap"},{"file":"diamondworld/cosmetics/emoji/sleeping.png","chars":["ဠ"],"height":8,"ascent":7,"type":"bitmap"},{"file":"diamondworld/cosmetics/emoji/cry.png","chars":["အ"],"height":8,"ascent":7,"type":"bitmap"},{"file":"diamondworld/cosmetics/emoji/frozen.png","chars":["ဢ"],"height":8,"ascent":7,"type":"bitmap"},{"file":"diamondworld/cosmetics/emoji/wink.png","chars":["ဣ"],"height":8,"ascent":7,"type":"bitmap"},{"file":"diamondworld/cosmetics/emoji/dislike.png","chars":["ဤ"],"height":8,"ascent":7,"type":"bitmap"},{"file":"diamondworld/cosmetics/emoji/like.png","chars":["ဥ"],"height":8,"ascent":7,"type":"bitmap"},{"file":"diamondworld/cosmetics/emoji/heart.png","chars":["ဦ"],"height":8,"ascent":7,"type":"bitmap"},{"file":"diamondworld/cosmetics/emoji/broken_heart.png","chars":["ဧ"],"height":8,"ascent":7,"type":"bitmap"},{"file":"diamondworld/cosmetics/emoji/skull.png","chars":["ဨ"],"height":8,"ascent":7,"type":"bitmap"},{"file":"diamondworld/cosmetics/emoji/demon.png","chars":["ဩ"],"height":8,"ascent":7,"type":"bitmap"},{"file":"diamondworld/cosmetics/emoji/eyes.png","chars":["ူ"],"height":8,"ascent":7,"type":"bitmap"},{"file":"diamondworld/cosmetics/emoji/concerned.png","chars":["ေ"],"height":8,"ascent":7,"type":"bitmap"},{"file":"diamondworld/ui/exitmenu.png","chars":[""],"height":256,"ascent":128,"type":"bitmap"},{"file":"diamondworld/ui/exitmenuen.png","chars":[""],"height":256,"ascent":128,"type":"bitmap"},{"file":"prisonevo/ui/trade/trade.png","chars":[""],"height":256,"ascent":19,"type":"bitmap"},{"file":"prisonevo/ui/trade/trade_gray.png","chars":[""],"height":32,"ascent":-79,"type":"bitmap"},{"file":"prisonevo/ui/trade/trade_yellow.png","chars":[""],"height":32,"ascent":-79,"type":"bitmap"},{"file":"prisonevo/ui/trade/trade_green.png","chars":[""],"height":32,"ascent":-79,"type":"bitmap"},{"file":"prisonevo/common/silver_token.png","chars":[""],"height":11,"ascent":9,"type":"bitmap"},{"file":"prisonevo/common/bronze_medal.png","chars":[""],"height":10,"ascent":8,"type":"bitmap"},{"file":"prisonevo/common/silver_medal.png","chars":[""],"height":10,"ascent":8,"type":"bitmap"},{"file":"prisonevo/common/gold_medal.png","chars":[""],"height":10,"ascent":8,"type":"bitmap"},{"file":"prisonevo/ui/titles/blockbreaker.png","chars":[""],"height":10,"ascent":8,"type":"bitmap"},{"file":"prisonevo/ui/titles/blockmaster.png","chars":[""],"height":10,"ascent":8,"type":"bitmap"},{"file":"prisonevo/ui/titles/gladiator.png","chars":[""],"height":10,"ascent":8,"type":"bitmap"},{"file":"prisonevo/ui/titles/killer.png","chars":[""],"height":10,"ascent":8,"type":"bitmap"},{"file":"prisonevo/ui/titles/legend.png","chars":[""],"height":10,"ascent":8,"type":"bitmap"},{"file":"prisonevo/ui/titles/magnat.png","chars":[""],"height":10,"ascent":8,"type":"bitmap"},{"file":"prisonevo/ui/titles/master.png","chars":[""],"height":10,"ascent":8,"type":"bitmap"},{"file":"prisonevo/ui/titles/researcher.png","chars":[""],"height":10,"ascent":8,"type":"bitmap"},{"file":"prisonevo/ui/titles/rich.png","chars":[""],"height":10,"ascent":8,"type":"bitmap"},{"file":"prisonevo/ui/bossbar/statistics/v.png","chars":[""],"height":12,"ascent":9,"type":"bitmap"},{"file":"prisonevo/ui/bossbar/statistics/i.png","chars":[""],"height":12,"ascent":9,"type":"bitmap"},{"file":"prisonevo/ui/bossbar/statistics/space.png","chars":[""],"height":12,"ascent":9,"type":"bitmap"},{"file":"prisonevo/ui/bossbar/statistics/x.png","chars":[""],"height":12,"ascent":9,"type":"bitmap"},{"file":"prisonevo/ui/lvl413.png","chars":["쉝"],"height":9,"ascent":8,"type":"bitmap"},{"file":"minecraft:font/offset/blank.png","chars":[""],"height":0,"ascent":-2000,"type":"bitmap"},{"file":"minecraft:font/offset/blank.png","chars":[""],"height":1,"ascent":-2000,"type":"bitmap"},{"file":"minecraft:font/offset/blank.png","chars":[""],"height":2,"ascent":-2000,"type":"bitmap"},{"file":"minecraft:font/offset/blank.png","chars":[""],"height":3,"ascent":-2000,"type":"bitmap"},{"file":"minecraft:font/offset/blank.png","chars":[""],"height":4,"ascent":-2000,"type":"bitmap"},{"file":"minecraft:font/offset/blank.png","chars":[""],"height":5,"ascent":-2000,"type":"bitmap"},{"file":"minecraft:font/offset/blank.png","chars":[""],"height":6,"ascent":-2000,"type":"bitmap"},{"file":"minecraft:font/offset/blank.png","chars":[""],"height":7,"ascent":-2000,"type":"bitmap"},{"file":"minecraft:font/offset/blank.png","chars":[""],"height":15,"ascent":-2000,"type":"bitmap"},{"file":"minecraft:font/offset/blank.png","chars":[""],"height":31,"ascent":-2000,"type":"bitmap"},{"file":"minecraft:font/offset/blank.png","chars":[""],"height":50,"ascent":-2000,"type":"bitmap"},{"file":"minecraft:font/offset/blank.png","chars":[""],"height":63,"ascent":-2000,"type":"bitmap"},{"file":"minecraft:font/offset/blank.png","chars":[""],"height":127,"ascent":-2000,"type":"bitmap"},{"file":"minecraft:font/offset/blank.png","chars":[""],"height":214,"ascent":-2000,"type":"bitmap"},{"file":"minecraft:font/offset/blank.png","chars":[""],"height":255,"ascent":-2000,"type":"bitmap"},{"file":"minecraft:font/offset/blank.png","chars":[""],"height":511,"ascent":-2000,"type":"bitmap"},{"file":"minecraft:font/offset/blank.png","chars":[""],"height":1023,"ascent":-2000,"type":"bitmap"},{"file":"minecraft:font/offset/blank.png","chars":[""],"height":-1,"ascent":-2000,"type":"bitmap"},{"file":"minecraft:font/offset/blank.png","chars":[""],"height":-3,"ascent":-2000,"type":"bitmap"},{"file":"minecraft:font/offset/blank.png","chars":[""],"height":-4,"ascent":-2000,"type":"bitmap"},{"file":"minecraft:font/offset/blank.png","chars":[""],"height":-5,"ascent":-2000,"type":"bitmap"},{"file":"minecraft:font/offset/blank.png","chars":[""],"height":-6,"ascent":-2000,"type":"bitmap"},{"file":"minecraft:font/offset/blank.png","chars":[""],"height":-7,"ascent":-2000,"type":"bitmap"},{"file":"minecraft:font/offset/blank.png","chars":[""],"height":-8,"ascent":-2000,"type":"bitmap"},{"file":"minecraft:font/offset/blank.png","chars":[""],"height":-9,"ascent":-2000,"type":"bitmap"},{"file":"minecraft:font/offset/blank.png","chars":[""],"height":-10,"ascent":-2000,"type":"bitmap"},{"file":"minecraft:font/offset/blank.png","chars":[""],"height":-18,"ascent":-2000,"type":"bitmap"},{"file":"minecraft:font/offset/blank.png","chars":[""],"height":-34,"ascent":-2000,"type":"bitmap"},{"file":"minecraft:font/offset/blank.png","chars":[""],"height":-40,"ascent":-2000,"type":"bitmap"},{"file":"minecraft:font/offset/blank.png","chars":[""],"height":-66,"ascent":-2000,"type":"bitmap"},{"file":"minecraft:font/offset/blank.png","chars":[""],"height":-130,"ascent":-2000,"type":"bitmap"},{"file":"minecraft:font/offset/blank.png","chars":[""],"height":-258,"ascent":-2000,"type":"bitmap"},{"file":"minecraft:font/offset/blank.png","chars":[""],"height":-514,"ascent":-2000,"type":"bitmap"},{"file":"minecraft:font/offset/blank.png","chars":[""],"height":-1026,"ascent":-2000,"type":"bitmap"}]}