{"credit":"Made with Blockbench","texture_size":[32,32],"textures":{"0":"prisonevo/weapons/tools/pickaxe","1":"prisonevo/weapons/tools/hoe","particle":"sword"},"elements":[{"from":[7,-2,7],"to":[9,16,9],"rotation":{"angle":0,"axis":"y","origin":[8,9.5,8]},"faces":{"north":{"uv":[1,4.75,2,13.75],"texture":"#0"},"east":{"uv":[2,4.75,1,13.75],"texture":"#0"},"south":{"uv":[1,4.75,0,13.75],"texture":"#0"},"west":{"uv":[0,4.75,1,13.75],"texture":"#0"},"up":{"uv":[0,0,1,1],"rotation":270,"texture":"#0"},"down":{"uv":[0,0,1,1],"rotation":90,"texture":"#0"}}},{"from":[6.5,14,6.5],"to":[9.5,15,9.5],"rotation":{"angle":0,"axis":"y","origin":[8,9.5,8]},"faces":{"north":{"uv":[4.5,0,6,0.5],"texture":"#0"},"east":{"uv":[6,0,4.5,0.5],"texture":"#0"},"south":{"uv":[4.5,0,6,0.5],"texture":"#0"},"west":{"uv":[6,0,4.5,0.5],"texture":"#0"},"up":{"uv":[4.5,0.5,6,2],"rotation":270,"texture":"#0"},"down":{"uv":[4.5,0.5,6,2],"rotation":90,"texture":"#0"}}},{"from":[6,20,6.75],"to":[10,20.5,9.25],"rotation":{"angle":0,"axis":"y","origin":[8,9.5,8]},"faces":{"north":{"uv":[0,4.5,2,4.75],"texture":"#0"},"east":{"uv":[1.75,3.5,2,4.75],"rotation":90,"texture":"#0"},"south":{"uv":[2,3.5,0,3.75],"texture":"#0"},"west":{"uv":[0,3.5,0.25,4.75],"rotation":90,"texture":"#0"},"up":{"uv":[0,3.5,2,4.75],"rotation":180,"texture":"#0"},"down":{"uv":[0,3.5,2,4.75],"texture":"#0"}}},{"from":[4.5,-5,8],"to":[11.5,-1,8],"rotation":{"angle":0,"axis":"y","origin":[8,9.5,8]},"faces":{"north":{"uv":[2,5,5.5,7],"texture":"#0"},"east":{"uv":[0,0,0,2],"texture":"#0"},"south":{"uv":[2,5,5.5,7],"texture":"#0"},"west":{"uv":[0,0,0,2],"texture":"#0"},"up":{"uv":[0,0,0,3.5],"rotation":270,"texture":"#0"},"down":{"uv":[0,0,0,3.5],"rotation":90,"texture":"#0"}}},{"from":[6.5,3,6.5],"to":[9.5,4,9.5],"rotation":{"angle":0,"axis":"y","origin":[8,9.5,8]},"faces":{"north":{"uv":[4.5,0,6,0.5],"texture":"#0"},"east":{"uv":[6,0,4.5,0.5],"texture":"#0"},"south":{"uv":[4.5,0,6,0.5],"texture":"#0"},"west":{"uv":[6,0,4.5,0.5],"texture":"#0"},"up":{"uv":[4.5,0.5,6,2],"rotation":270,"texture":"#0"},"down":{"uv":[4.5,0.5,6,2],"rotation":90,"texture":"#0"}}},{"from":[5,16,6.5],"to":[11,20,9.5],"rotation":{"angle":0,"axis":"y","origin":[8,9.5,8]},"faces":{"north":{"uv":[0,0,3,2],"texture":"#0"},"east":{"uv":[3,0,4.5,2],"texture":"#0"},"south":{"uv":[0,0,3,2],"texture":"#0"},"west":{"uv":[3,0,4.5,2],"rotation":180,"texture":"#0"},"up":{"uv":[0,2,3,3.5],"texture":"#0"},"down":{"uv":[0,1.75,3,2],"texture":"#0"}}},{"from":[6.5,-5,6.5],"to":[9.5,-2,9.5],"rotation":{"angle":0,"axis":"y","origin":[8,9.5,8]},"faces":{"north":{"uv":[3,2,4.5,3.5],"texture":"#0"},"east":{"uv":[4.5,2,6,3.5],"texture":"#0"},"south":{"uv":[3,2,4.5,3.5],"texture":"#0"},"west":{"uv":[4.5,2,6,3.5],"texture":"#0"},"up":{"uv":[3,3.5,4.5,5],"texture":"#0"},"down":{"uv":[4.5,3.5,3,5],"rotation":270,"texture":"#0"}}},{"from":[3,16.75,7],"to":[5,19.25,9],"rotation":{"angle":0,"axis":"z","origin":[3,16.75,8]},"faces":{"north":{"uv":[8.25,0,9.25,1.25],"texture":"#1"},"south":{"uv":[9.25,0,8.25,1.25],"texture":"#1"},"west":{"uv":[9.5,0,10.5,1.25],"texture":"#1"},"up":{"uv":[9.25,2.5,8.25,1.5],"rotation":180,"texture":"#1"},"down":{"uv":[9.25,1,8.25,1.25],"rotation":180,"texture":"#1"}}},{"from":[2,18.25,6],"to":[3.5,19.25,10],"rotation":{"angle":0,"axis":"z","origin":[2,18.25,7]},"faces":{"north":{"uv":[8.25,4.75,9,5],"texture":"#1"},"east":{"uv":[8.25,3,8.5,5],"rotation":90,"texture":"#1"},"south":{"uv":[9,3,8.25,3.25],"texture":"#1"},"west":{"uv":[8.75,3,9,5],"rotation":90,"texture":"#1"},"up":{"uv":[8.25,3,9,5],"rotation":180,"texture":"#1"},"down":{"uv":[8.25,5,9,3],"rotation":180,"texture":"#1"}}},{"from":[-2,18.75,5.5],"to":[3.5,18.75,10.5],"rotation":{"angle":0,"axis":"z","origin":[-2,18.75,6.5]},"faces":{"north":{"uv":[8.25,5.5,9,6],"texture":"#1"},"east":{"uv":[8.25,3,8.5,5],"rotation":90,"texture":"#1"},"south":{"uv":[9,5.5,8.25,6],"texture":"#1"},"west":{"uv":[8.75,3,9,5],"rotation":90,"texture":"#1"},"up":{"uv":[8.25,2.75,11,5.25],"rotation":180,"texture":"#1"},"down":{"uv":[8.25,5.25,11,2.75],"rotation":180,"texture":"#1"}}},{"from":[11,16.75,7],"to":[14.25,19.25,9],"rotation":{"angle":22.5,"axis":"z","origin":[11,16.75,8]},"faces":{"north":{"uv":[7.25,0,5.625,1.25],"texture":"#1"},"south":{"uv":[5.625,0,7.25,1.25],"texture":"#1"},"up":{"uv":[7.25,2.5,5.625,1.5],"rotation":180,"texture":"#1"},"down":{"uv":[7.25,1,5.625,1.25],"rotation":180,"texture":"#1"}}},{"from":[11.53033,18.31586,7.01],"to":[16.53033,20.81586,8.99],"rotation":{"angle":-22.5,"axis":"z","origin":[11,16.75,8]},"faces":{"north":{"uv":[6.5,7,4,8.25],"texture":"#0"},"east":{"uv":[3.5,8.5,2.25,9.5],"rotation":90,"texture":"#0"},"south":{"uv":[4,7,6.5,8.25],"texture":"#0"},"west":{"uv":[0,0,0,0],"texture":"#0"},"up":{"uv":[6.5,9.5,4,8.5],"rotation":180,"texture":"#0"},"down":{"uv":[6.5,8,4,8.25],"rotation":180,"texture":"#0"}}},{"from":[14.91079,9.50524,7.25],"to":[16.41079,13.00524,8.75],"rotation":{"angle":45,"axis":"z","origin":[11,16.75,8]},"faces":{"north":{"uv":[10,7.75,11.75,7],"rotation":90,"texture":"#0"},"east":{"uv":[10,8.5,11.75,9.25],"rotation":90,"texture":"#0"},"south":{"uv":[10,7,11.75,7.75],"rotation":90,"texture":"#0"},"west":{"uv":[10,7.5,11.75,7.75],"rotation":90,"texture":"#0"},"up":{"uv":[0,0,0.99,0.75],"rotation":270,"texture":"#0"},"down":{"uv":[12,8.5,12.75,9.25],"rotation":90,"texture":"#0"}}},{"from":[13.91079,6.50524,8],"to":[16.41079,13.00524,8],"rotation":{"angle":45,"axis":"z","origin":[11,16.75,8]},"faces":{"north":{"uv":[8.75,0,7.5,3.25],"texture":"#0"},"east":{"uv":[0,0,0,3.25],"texture":"#0"},"south":{"uv":[7.5,0,8.75,3.25],"texture":"#0"},"west":{"uv":[0,0,0,3.25],"texture":"#0"},"up":{"uv":[0,0,0,1.25],"rotation":270,"texture":"#0"},"down":{"uv":[0,0,0,1.25],"rotation":90,"texture":"#0"}}}],"gui_light":"front","display":{"thirdperson_lefthand":{"rotation":[0,90,-8.5],"translation":[0,3,0.75],"scale":[0.52,0.52,0.52]},"thirdperson_righthand":{"rotation":[0,90,-8.5],"translation":[0,3,0.75],"scale":[0.52,0.52,0.52]},"firstperson_lefthand":{"rotation":[0,-90,-25],"translation":[0,0.85,0.8],"scale":[0.32,0.32,0.32]},"firstperson_righthand":{"rotation":[0,90,25],"translation":[0,0.85,0.8],"scale":[0.32,0.32,0.32]},"ground":{"translation":[0,3,0],"scale":[0.3,0.3,0.3]},"gui":{"rotation":[0,0,-45],"translation":[-1.75,-1.75,0],"scale":[0.51,0.51,0.51]},"fixed":{"translation":[0,0,-1.5]}},"groups":[0,1,2,3,4,5,6,7,8,9,{"name":"group","origin":[14,18,8],"color":0,"children":[10,11,12,13]}]}