{"credits":"diamondworld.pro | vk.com/Foghost","texture_size":[32,32],"textures":{"0":"prisonevo/weapons/tools/pickaxe"},"elements":[{"from":[7,-2,7],"to":[9,16,9],"rotation":{"angle":0,"axis":"y","origin":[8,9.5,8]},"faces":{"north":{"uv":[1,4.75,2,13.75],"texture":"#0"},"east":{"uv":[2,4.75,1,13.75],"texture":"#0"},"south":{"uv":[1,4.75,0,13.75],"texture":"#0"},"west":{"uv":[0,4.75,1,13.75],"texture":"#0"},"up":{"uv":[0,0,1,1],"rotation":270,"texture":"#0"},"down":{"uv":[0,0,1,1],"rotation":90,"texture":"#0"}}},{"from":[6.5,14,6.5],"to":[9.5,15,9.5],"rotation":{"angle":0,"axis":"y","origin":[8,9.5,8]},"faces":{"north":{"uv":[4.5,0,6,0.5],"texture":"#0"},"east":{"uv":[6,0,4.5,0.5],"texture":"#0"},"south":{"uv":[4.5,0,6,0.5],"texture":"#0"},"west":{"uv":[6,0,4.5,0.5],"texture":"#0"},"up":{"uv":[4.5,0.5,6,2],"rotation":270,"texture":"#0"},"down":{"uv":[4.5,0.5,6,2],"rotation":90,"texture":"#0"}}},{"from":[3.5,18.5,8],"to":[12.5,28.5,8],"rotation":{"angle":0,"axis":"y","origin":[8,9.5,8]},"faces":{"north":{"uv":[11.5,0,16,5],"texture":"#0"},"east":{"uv":[0,0,0,2],"texture":"#0"},"south":{"uv":[16,0,11.5,5],"texture":"#0"},"west":{"uv":[0,0,0,2],"texture":"#0"},"up":{"uv":[0,0,0,2.5],"rotation":270,"texture":"#0"},"down":{"uv":[0,0,0,2.5],"rotation":90,"texture":"#0"}}},{"from":[3.5,18.5,7.25],"to":[12.5,23,8.75],"rotation":{"angle":0,"axis":"y","origin":[8,9.5,8]},"faces":{"north":{"uv":[11.5,2.75,16,5],"texture":"#0"},"east":{"uv":[11.5,2.75,11.75,5],"texture":"#0"},"south":{"uv":[16,2.75,11.5,5],"texture":"#0"},"west":{"uv":[11.5,2.75,11.75,5],"texture":"#0"},"up":{"uv":[16,2.75,11.5,3],"texture":"#0"},"down":{"uv":[11.5,4.75,16,5],"texture":"#0"}}},{"from":[4,23,7.5],"to":[12,24.5,8.5],"rotation":{"angle":0,"axis":"y","origin":[8,9.5,8]},"faces":{"north":{"uv":[11.75,2,15.75,2.75],"texture":"#0"},"east":{"uv":[11.75,2,12,2.75],"texture":"#0"},"south":{"uv":[15.75,2,11.75,2.75],"texture":"#0"},"west":{"uv":[11.75,2,12,2.75],"texture":"#0"},"up":{"uv":[15.75,2,11.75,2.25],"texture":"#0"},"down":{"uv":[11.75,2.5,15.75,2.75],"texture":"#0"}}},{"from":[4.5,-5,8],"to":[11.5,-1,8],"rotation":{"angle":0,"axis":"y","origin":[8,9.5,8]},"faces":{"north":{"uv":[2,5,5.5,7],"texture":"#0"},"east":{"uv":[0,0,0,2],"texture":"#0"},"south":{"uv":[2,5,5.5,7],"texture":"#0"},"west":{"uv":[0,0,0,2],"texture":"#0"},"up":{"uv":[0,0,0,3.5],"rotation":270,"texture":"#0"},"down":{"uv":[0,0,0,3.5],"rotation":90,"texture":"#0"}}},{"from":[6.5,3,6.5],"to":[9.5,4,9.5],"rotation":{"angle":0,"axis":"y","origin":[8,9.5,8]},"faces":{"north":{"uv":[4.5,0,6,0.5],"texture":"#0"},"east":{"uv":[6,0,4.5,0.5],"texture":"#0"},"south":{"uv":[4.5,0,6,0.5],"texture":"#0"},"west":{"uv":[6,0,4.5,0.5],"texture":"#0"},"up":{"uv":[4.5,0.5,6,2],"rotation":270,"texture":"#0"},"down":{"uv":[4.5,0.5,6,2],"rotation":90,"texture":"#0"}}},{"from":[5,16,6.5],"to":[11,20,9.5],"rotation":{"angle":0,"axis":"y","origin":[8,9.5,8]},"faces":{"north":{"uv":[0,0,3,2],"texture":"#0"},"east":{"uv":[3,0,4.5,2],"texture":"#0"},"south":{"uv":[0,0,3,2],"texture":"#0"},"west":{"uv":[3,0,4.5,2],"rotation":180,"texture":"#0"},"up":{"uv":[0,2,3,3.5],"texture":"#0"},"down":{"uv":[0,1.75,3,2],"texture":"#0"}}},{"from":[6.5,-5,6.5],"to":[9.5,-2,9.5],"rotation":{"angle":0,"axis":"y","origin":[8,9.5,8]},"faces":{"north":{"uv":[3,2,4.5,3.5],"texture":"#0"},"east":{"uv":[4.5,2,6,3.5],"texture":"#0"},"south":{"uv":[3,2,4.5,3.5],"texture":"#0"},"west":{"uv":[4.5,2,6,3.5],"texture":"#0"},"up":{"uv":[3,3.5,4.5,5],"texture":"#0"},"down":{"uv":[4.5,3.5,3,5],"rotation":270,"texture":"#0"}}}],"gui_light":"front","display":{"thirdperson_righthand":{"rotation":[0,90,-8.5],"translation":[0,4,0.75],"scale":[0.8,0.8,0.8]},"thirdperson_lefthand":{"rotation":[0,90,-8.5],"translation":[0,4,0.75],"scale":[0.8,0.8,0.8]},"firstperson_righthand":{"rotation":[0,90,25],"translation":[0,1.6,0.8],"scale":[0.48,0.48,0.48]},"firstperson_lefthand":{"rotation":[0,-90,-25],"translation":[0,1.6,0.8],"scale":[0.48,0.48,0.48]},"ground":{"translation":[0,3,0],"scale":[0.3,0.3,0.3]},"gui":{"rotation":[0,0,-45],"translation":[-1.75,-1.75,0],"scale":[0.51,0.51,0.51]},"fixed":{"translation":[0,0,-1.5]}}}