{"credits":"diamondworld.pro | vk.com/Foghost","texture_size":[32,32],"textures":{"0":"prisonevo/weapons/tools/pickaxe","particle":"pickaxe"},"elements":[{"from":[6,0,6.75],"to":[10,4,9.25],"faces":{"north":{"uv":[2,9.75,4,11.75],"texture":"#0"},"east":{"uv":[4,9.75,5.25,11.75],"texture":"#0"},"south":{"uv":[2,9.75,4,11.75],"texture":"#0"},"west":{"uv":[4,9.75,5.25,11.75],"texture":"#0"},"up":{"uv":[2,11.75,4,13],"texture":"#0"},"down":{"uv":[2,11.75,4,13],"texture":"#0"}}},{"from":[7,1,9.25],"to":[9,3,6.75],"faces":{"east":{"uv":[3.5,10.25,3.75,11.25],"texture":"#0"},"west":{"uv":[3.5,10.25,3.75,11.25],"texture":"#0"},"up":{"uv":[2.5,11.25,3.5,11.5],"texture":"#0"},"down":{"uv":[2.5,11.25,3.5,11.5],"texture":"#0"}}},{"from":[7.5,4,7],"to":[10,12,9],"rotation":{"angle":22.5,"axis":"z","origin":[10,4,8]},"faces":{"north":{"uv":[5.25,9.75,6.5,13.75],"texture":"#0"},"east":{"uv":[6.75,9.75,7.75,13.75],"texture":"#0"},"south":{"uv":[6.5,9.75,5.25,13.75],"texture":"#0"},"west":{"uv":[6.25,9.75,6.5,13.75],"texture":"#0"},"up":{"uv":[5.25,9.75,6.5,10],"texture":"#0"}}},{"from":[5,5.5,8],"to":[9,14,8],"rotation":{"angle":22.5,"axis":"z","origin":[10,4,8]},"faces":{"north":{"uv":[8.25,9.75,10.25,14],"texture":"#0"},"east":{"uv":[2,9.75,2,13.75],"texture":"#0"},"south":{"uv":[10.25,9.75,8.25,14],"texture":"#0"},"west":{"uv":[2,9.75,2,13.75],"texture":"#0"},"up":{"uv":[2,9.75,3,9.75],"texture":"#0"},"down":{"uv":[2,9.75,3,9.75],"texture":"#0"}}},{"from":[-2,0,7],"to":[6,2.5,9],"rotation":{"angle":-22.5,"axis":"z","origin":[6,0,8]},"faces":{"north":{"uv":[6.5,9.75,5.25,13.75],"rotation":90,"texture":"#0"},"south":{"uv":[5.25,9.75,6.5,13.75],"rotation":270,"texture":"#0"},"west":{"uv":[5.25,9.75,6.5,10],"rotation":270,"texture":"#0"},"up":{"uv":[6.25,9.75,6.5,13.75],"rotation":270,"texture":"#0"},"down":{"uv":[6.75,9.75,7.75,13.75],"rotation":270,"texture":"#0"}}},{"from":[-4,1,8],"to":[4.5,5,8],"rotation":{"angle":-22.5,"axis":"z","origin":[6,0,8]},"faces":{"north":{"uv":[10.25,9.75,8.25,14],"rotation":90,"texture":"#0"},"east":{"uv":[2,9.75,3,9.75],"rotation":270,"texture":"#0"},"south":{"uv":[8.25,9.75,10.25,14],"rotation":270,"texture":"#0"},"west":{"uv":[2,9.75,3,9.75],"rotation":270,"texture":"#0"},"up":{"uv":[2,9.75,2,13.75],"rotation":270,"texture":"#0"},"down":{"uv":[2,9.75,2,13.75],"rotation":270,"texture":"#0"}}}],"gui_light":"front","display":{"thirdperson_righthand":{"rotation":[0,-90,-55],"translation":[0,3.5,4.5],"scale":[0.85,0.85,0.85]},"thirdperson_lefthand":{"rotation":[0,90,55],"translation":[0,3.5,4.5],"scale":[0.85,0.85,0.85]},"firstperson_righthand":{"rotation":[0,-90,25],"translation":[0,6,1.13],"scale":[0.68,0.68,0.68]},"firstperson_lefthand":{"rotation":[0,90,-25],"translation":[0,6,1.13],"scale":[0.68,0.68,0.68]},"ground":{"translation":[0,3,0],"scale":[0.4,0.4,0.4]},"gui":{"translation":[4.25,1.75,0]},"fixed":{"rotation":[0,180,0],"translation":[-4,2,-0.25]}}}