{"credits":"diamondworld.pro | vk.com/Foghost","texture_size":[32,32],"textures":{"0":"prisonevo/weapons/tools/pickaxe"},"elements":[{"from":[7,-2,7],"to":[9,16,9],"rotation":{"angle":0,"axis":"y","origin":[8,9.5,8]},"faces":{"north":{"uv":[1,4.75,2,13.75],"texture":"#0"},"east":{"uv":[2,4.75,1,13.75],"texture":"#0"},"south":{"uv":[1,4.75,0,13.75],"texture":"#0"},"west":{"uv":[0,4.75,1,13.75],"texture":"#0"},"up":{"uv":[0,0,1,1],"rotation":270,"texture":"#0"},"down":{"uv":[0,0,1,1],"rotation":90,"texture":"#0"}}},{"from":[6.5,14,6.5],"to":[9.5,15,9.5],"rotation":{"angle":0,"axis":"y","origin":[8,9.5,8]},"faces":{"north":{"uv":[4.5,0,6,0.5],"texture":"#0"},"east":{"uv":[6,0,4.5,0.5],"texture":"#0"},"south":{"uv":[4.5,0,6,0.5],"texture":"#0"},"west":{"uv":[6,0,4.5,0.5],"texture":"#0"},"up":{"uv":[4.5,0.5,6,2],"rotation":270,"texture":"#0"},"down":{"uv":[4.5,0.5,6,2],"rotation":90,"texture":"#0"}}},{"from":[7,12,8],"to":[17,25.5,8],"rotation":{"angle":0,"axis":"y","origin":[8,9.5,8]},"faces":{"north":{"uv":[11,9.25,16,16],"texture":"#0"},"east":{"uv":[0,0,0,2],"texture":"#0"},"south":{"uv":[16,9.25,11,16],"texture":"#0"},"west":{"uv":[0,0,0,2],"texture":"#0"},"up":{"uv":[0,0,0,2.5],"rotation":270,"texture":"#0"},"down":{"uv":[0,0,0,2.5],"rotation":90,"texture":"#0"}}},{"from":[1,16.5,8],"to":[4.5,19.5,8],"rotation":{"angle":0,"axis":"z","origin":[-4.5,13.75,8]},"faces":{"north":{"uv":[6,0,7.5,1.75],"rotation":90,"texture":"#0"},"east":{"uv":[0,0,0,2.5],"texture":"#0"},"south":{"uv":[7.5,0,6,1.75],"rotation":270,"texture":"#0"},"west":{"uv":[0,0,0,2.5],"rotation":180,"texture":"#0"},"up":{"uv":[0,0,0,2],"rotation":270,"texture":"#0"},"down":{"uv":[0,0,0,2],"rotation":270,"texture":"#0"}}},{"from":[4.5,-5,8],"to":[11.5,-1,8],"rotation":{"angle":0,"axis":"y","origin":[8,9.5,8]},"faces":{"north":{"uv":[2,5,5.5,7],"texture":"#0"},"east":{"uv":[0,0,0,2],"texture":"#0"},"south":{"uv":[2,5,5.5,7],"texture":"#0"},"west":{"uv":[0,0,0,2],"texture":"#0"},"up":{"uv":[0,0,0,3.5],"rotation":270,"texture":"#0"},"down":{"uv":[0,0,0,3.5],"rotation":90,"texture":"#0"}}},{"from":[6.5,3,6.5],"to":[9.5,4,9.5],"rotation":{"angle":0,"axis":"y","origin":[8,9.5,8]},"faces":{"north":{"uv":[4.5,0,6,0.5],"texture":"#0"},"east":{"uv":[6,0,4.5,0.5],"texture":"#0"},"south":{"uv":[4.5,0,6,0.5],"texture":"#0"},"west":{"uv":[6,0,4.5,0.5],"texture":"#0"},"up":{"uv":[4.5,0.5,6,2],"rotation":270,"texture":"#0"},"down":{"uv":[4.5,0.5,6,2],"rotation":90,"texture":"#0"}}},{"from":[12,14.5,7.5],"to":[15,21.5,8.5],"rotation":{"angle":0,"axis":"y","origin":[8,9.5,8]},"faces":{"north":{"uv":[12,11.25,13.5,14.75],"texture":"#0"},"east":{"uv":[12,11.25,12.25,14.75],"texture":"#0"},"south":{"uv":[13.5,11.25,12,14.75],"texture":"#0"},"west":{"uv":[13.25,11.25,13.5,14.75],"rotation":180,"texture":"#0"},"up":{"uv":[12,11.25,13.5,11.5],"texture":"#0"},"down":{"uv":[12,14.5,13.5,14.75],"texture":"#0"}}},{"from":[11,16,7.25],"to":[12,20,8.75],"rotation":{"angle":0,"axis":"y","origin":[8,9.5,8]},"faces":{"north":{"uv":[13.5,12,14,14],"texture":"#0"},"east":{"uv":[13.5,12,13.75,14],"texture":"#0"},"south":{"uv":[14,12,13.5,14],"texture":"#0"},"west":{"uv":[0,0,0,0],"rotation":180,"texture":"#0"},"up":{"uv":[13.5,12,14,12.25],"texture":"#0"},"down":{"uv":[13.5,13.75,14,14],"texture":"#0"}}},{"from":[5,16,6.5],"to":[11,20,9.5],"rotation":{"angle":0,"axis":"y","origin":[8,9.5,8]},"faces":{"north":{"uv":[0,0,3,2],"texture":"#0"},"east":{"uv":[3,0,4.5,2],"texture":"#0"},"south":{"uv":[0,0,3,2],"texture":"#0"},"west":{"uv":[3,0,4.5,2],"rotation":180,"texture":"#0"},"up":{"uv":[0,2,3,3.5],"texture":"#0"},"down":{"uv":[0,1.75,3,2],"texture":"#0"}}},{"from":[4.5,16.5,6.75],"to":[5,19.5,9.25],"rotation":{"angle":0,"axis":"z","origin":[2,20.25,8]},"faces":{"north":{"uv":[0.25,4.5,1.75,4.75],"rotation":90,"texture":"#0"},"east":{"uv":[0.25,3.5,1.75,4.75],"rotation":270,"texture":"#0"},"south":{"uv":[1.75,3.5,0.25,3.75],"rotation":270,"texture":"#0"},"west":{"uv":[0.25,3.5,1.75,4.75],"rotation":90,"texture":"#0"},"up":{"uv":[1.5,3.5,1.75,4.75],"texture":"#0"},"down":{"uv":[0.25,3.5,0.5,4.75],"texture":"#0"}}},{"from":[6.5,-5,6.5],"to":[9.5,-2,9.5],"rotation":{"angle":0,"axis":"y","origin":[8,9.5,8]},"faces":{"north":{"uv":[3,2,4.5,3.5],"texture":"#0"},"east":{"uv":[4.5,2,6,3.5],"texture":"#0"},"south":{"uv":[3,2,4.5,3.5],"texture":"#0"},"west":{"uv":[4.5,2,6,3.5],"texture":"#0"},"up":{"uv":[3,3.5,4.5,5],"texture":"#0"},"down":{"uv":[4.5,3.5,3,5],"rotation":270,"texture":"#0"}}},{"from":[6,20,6.75],"to":[10,20.5,9.25],"rotation":{"angle":0,"axis":"y","origin":[8,9.5,8]},"faces":{"north":{"uv":[0,4.5,2,4.75],"texture":"#0"},"east":{"uv":[1.75,3.5,2,4.75],"rotation":90,"texture":"#0"},"south":{"uv":[2,3.5,0,3.75],"texture":"#0"},"west":{"uv":[0,3.5,0.25,4.75],"rotation":90,"texture":"#0"},"up":{"uv":[0,3.5,2,4.75],"rotation":180,"texture":"#0"},"down":{"uv":[0,3.5,2,4.75],"texture":"#0"}}}],"gui_light":"front","display":{"thirdperson_righthand":{"rotation":[0,90,-8.5],"translation":[0,4,0.75],"scale":[0.8,0.8,0.8]},"thirdperson_lefthand":{"rotation":[0,-90,8.5],"translation":[0,4,0.75],"scale":[0.8,0.8,0.8]},"firstperson_righthand":{"rotation":[0,90,25],"translation":[0,1.6,0.8],"scale":[0.48,0.48,0.48]},"firstperson_lefthand":{"rotation":[0,-90,-25],"translation":[0,1.6,0.8],"scale":[0.48,0.48,0.48]},"ground":{"translation":[0,3,0],"scale":[0.3,0.3,0.3]},"gui":{"rotation":[0,0,-45],"translation":[-1.25,-0.5,0],"scale":[0.55,0.55,0.55]},"fixed":{"translation":[0,0,-1.5]}}}